<?xml version="1.0" encoding="UTF-8"?>
<feature
      id="org.jkiss.dbeaver.ext.wmi"
      label="%featureName"
      version="1.0.12"
      provider-name="%providerName"
      plugin="org.jkiss.dbeaver.ext.wmi">

   <description>
      %description
   </description>

   <copyright>
      %copyright
   </copyright>

   <license url="%licenseURL">
      %license
   </license>

   <requires>
      <import feature="org.jkiss.dbeaver.core" version="1.0.0"/>
   </requires>

   <plugin
         id="org.jkiss.dbeaver.ext.wmi"
         os="win32"
         download-size="0"
         install-size="0"
         version="1.0.24"
         unpack="false"/>

   <plugin
         id="org.jkiss.wmi"
         os="win32"
         download-size="0"
         install-size="0"
         version="1.0.24"
         unpack="false"/>

</feature>
