<?xml version="1.0" encoding="UTF-8"?>
<feature
      id="org.jkiss.dbeaver.core"
      label="%featureName"
      version="2.3.8"
      provider-name="%providerName"
      plugin="org.jkiss.dbeaver.core">

   <description>
      %description
   </description>

   <copyright>
      %copyright
   </copyright>

   <license url="%licenseURL">
      %license
   </license>

   <requires>
      <import plugin="org.eclipse.core.runtime"/>
      <import plugin="org.eclipse.core.resources"/>
      <import plugin="org.eclipse.core.expressions"/>
      <import plugin="org.eclipse.ui"/>
      <import plugin="org.eclipse.ui.workbench"/>
      <import plugin="org.eclipse.ui.workbench.texteditor"/>
      <import plugin="org.eclipse.ui.views.properties.tabbed"/>
      <import plugin="org.eclipse.swt"/>
      <import plugin="org.eclipse.jface"/>
      <import plugin="org.eclipse.jface.text"/>
      <import plugin="com.jcraft.jsch"/>
      <import plugin="org.eclipse.ui.views"/>
      <import plugin="org.eclipse.gef"/>
   </requires>

   <plugin
         id="org.jkiss.dbeaver.core"
         download-size="0"
         install-size="0"
         version="2.3.8"
         unpack="false"/>

   <plugin
         id="org.jkiss.dbeaver.ext.erd"
         download-size="0"
         install-size="0"
         version="1.0.24"
         unpack="false"/>

   <plugin
         id="org.jkiss.dbeaver.ext.import_config"
         download-size="0"
         install-size="0"
         version="1.0.24"
         unpack="false"/>

   <plugin
         id="org.jkiss.utils"
         download-size="0"
         install-size="0"
         version="1.0.24"
         unpack="false"/>

</feature>
