<?xml version="1.0" encoding="UTF-8"?>
<feature
      id="org.jkiss.dbeaver.standalone"
      label="%featureName"
      version="2.3.8"
      provider-name="%providerName"
      plugin="org.jkiss.dbeaver.core">

   <description>
      %description
   </description>

   <copyright>
      %copyright
   </copyright>

   <license url="%licenseURL">
      %license
   </license>

   <url>
      <update label="DBeaver Universal Database Manager" url="http://dbeaver.jkiss.org/"/>
   </url>

   <includes
         id="org.jkiss.dbeaver.rcp"
         version="1.0.0"/>

   <includes
         id="org.jkiss.dbeaver.core"
         version="2.3.8"/>

   <includes
         id="org.jkiss.dbeaver.ext.generic"
         version="1.0.12"/>

   <includes
         id="org.jkiss.dbeaver.ext.mysql"
         version="1.0.12"/>

   <includes
         id="org.jkiss.dbeaver.ext.oracle"
         version="1.0.12"/>

   <includes
         id="org.jkiss.dbeaver.ext.cassandra"
         version="1.0.12"/>

   <includes
         id="org.jkiss.dbeaver.ext.wmi"
         version="1.0.12"/>

   <includes
         id="org.jkiss.dbeaver.ext.db2"
         version="1.0.7"/>

   <requires>
      <import plugin="org.eclipse.core.runtime"/>
      <import plugin="org.eclipse.core.resources"/>
      <import plugin="org.eclipse.core.expressions"/>
      <import plugin="org.eclipse.ui"/>
      <import plugin="org.eclipse.ui.workbench"/>
      <import plugin="org.eclipse.ui.workbench.texteditor"/>
      <import plugin="org.eclipse.ui.views.properties.tabbed"/>
      <import plugin="org.eclipse.swt"/>
      <import plugin="org.eclipse.jface"/>
      <import plugin="org.eclipse.jface.text"/>
      <import plugin="com.jcraft.jsch"/>
      <import plugin="org.eclipse.ui.views"/>
      <import plugin="org.eclipse.gef"/>
   </requires>

   <plugin
         id="org.jkiss.dbeaver.core.application"
         download-size="0"
         install-size="0"
         version="1.0.24"
         unpack="false"/>

</feature>
