<?xml version="1.0" encoding="UTF-8"?>
<feature
      id="org.jkiss.dbeaver.ext.db2"
      label="%featureName"
      version="1.0.7"
      provider-name="%providerName"
      plugin="org.jkiss.dbeaver.ext.db2">

   <description>
      %description
   </description>

   <copyright>
      %copyright
   </copyright>

   <license url="%licenseURL">
      %license
   </license>

   <requires>
      <import feature="org.jkiss.dbeaver.core" version="1.0.0"/>
   </requires>

   <plugin
         id="org.jkiss.dbeaver.ext.db2"
         download-size="0"
         install-size="0"
         version="1.2.7"
         unpack="false"/>

   <plugin
         id="com.ibm.db2.jdbc"
         download-size="0"
         install-size="0"
         version="4.16.53"/>

</feature>
